"0","cutoff=0.1"
"0","target.PPN1 <- in.and.out %>%"
"0","    filter(post %in% setdiff(outputs.11431.sum%>%pull(post),outputs.11998.sum%>%pull(post)))%>%"
"0","    filter(!grepl('AN',post)) %>% "
"0","    filter(!grepl('IN',post)) %>% "
"0","    filter(weight>=100)%>%pull(post)"
"0",""
"0","target.vAB3 <- in.and.out %>%"
"0","    filter(post %in% setdiff(outputs.11998.sum%>%pull(post),outputs.11431.sum%>%pull(post)))%>%"
"0","    filter(weight>=100)%>%"
"0","    filter(!grepl('AN',post)) %>% "
"0","    filter(!grepl('IN',post)) %>% "
"0","    pull(post)"
