"0","#Imports"
"0","library(malecns)"
"0","library(coconatfly)"
"0","library(fafbseg)"
"0","library(neuprintr)"
"0",""
"0","library(dplyr)"
"0","library(tidyr)"
"0","library(ggplot2)"
"0","library(plotly)"
"0","library(stringr)"
"0","library(igraph)"
"0","library(tidygraph)"
"0","library(ggraph)"
"0","library(jsonlite)"
"0","library(ggplot2)"
"0","library(reshape2)"
"0","library(Matrix)"
"0","library(RCy3)"
"0","library(dplyr)"
"0",""
"0","#conna = neuprint_login(dataset='male-cns:v0.9',server='https://neuprint-cns.janelia.org/')"
"0","#mcns.rois = neuprint_ROIs(dataset = 'male-cns:v0.9')"
"0","#neuprint_get_synapses(13693,roi='VNC')"
